split_point,head_time,tail_time,total_time,head_energy,tail_energy,head_power,tail_power,data_size,success,errors,avg_head_time,avg_tail_time,avg_total_time,avg_head_energy,avg_tail_energy,avg_head_power,avg_tail_power,avg_data_size
1,"[0.13884449005126953, 0.14589691162109375, 0.14618873596191406, 0.11901211738586426, 0.1456592082977295]","[0.41811227798461914, 0.1228940486907959, 0.10974001884460449, 0.10358190536499023, 0.13054895401000977]","[0.5569567680358887, 0.26879096031188965, 0.25592875480651855, 0.2225940227508545, 0.27620816230773926]","[0.3442, 0.3292, 0.3553, 0.4088, 0.3664]","[14.3693, 8.4738, 8.4298, 8.4759, 8.5803]","[24.07, 25.09, 23.25, 25.15, 24.56]","[45.22, 124.44, 124.54, 124.62, 124.38]","[3212444, 3212444, 3212444, 3212444, 3212444]",5,[],0.13912029266357423,0.17697544097900392,0.31609573364257815,0.36078,9.66582,24.424,108.64,3212444
2,"[0.1530306339263916, 0.13530635833740234, 0.13199472427368164, 0.14270734786987305, 0.12617874145507812]","[0.11261844635009766, 0.10866570472717285, 0.11213231086730957, 0.12064027786254883, 0.11307978630065918]","[0.26564908027648926, 0.2439720630645752, 0.2441270351409912, 0.2633476257324219, 0.2392585277557373]","[0.5492, 0.4688, 0.4496, 0.4537, 0.5214]","[8.4369, 8.3768, 8.4638, 8.4722, 8.4513]","[24.21, 23.4, 24.09, 25.88, 25.06]","[124.79, 124.84, 125.06, 125.05, 125.17]","[3212444, 3212444, 3212444, 3212444, 3212444]",5,[],0.13784356117248536,0.11342730522155761,0.25127086639404295,0.48854,8.4402,24.528,124.982,3212444
3,"[0.1532893180847168, 0.14855289459228516, 0.13998627662658691, 0.14124393463134766, 0.13751554489135742]","[0.10527467727661133, 0.09589362144470215, 0.10192537307739258, 0.10021424293518066, 0.10280656814575195]","[0.2585639953613281, 0.2444465160369873, 0.2419116497039795, 0.24145817756652832, 0.24032211303710938]","[0.5466, 0.6081, 0.676, 0.6682, 0.5553]","[7.4358, 7.4991, 7.8337, 7.6575, 7.6745]","[23.56, 25.48, 25.68, 24.65, 24.82]","[125.35, 125.23, 125.29, 125.32, 125.43]","[3212444, 3212444, 3212444, 3212444, 3212444]",5,[],0.1441175937652588,0.10122289657592773,0.24534049034118652,0.61084,7.62012,24.838,125.324,3212444
4,"[0.10131692886352539, 0.10168623924255371, 0.09349822998046875, 0.1162102222442627, 0.1192789077758789]","[0.08601021766662598, 0.08661580085754395, 0.07625389099121094, 0.07401776313781738, 0.07326889038085938]","[0.18732714653015137, 0.18830204010009766, 0.1697521209716797, 0.19022798538208008, 0.19254779815673828]","[0.7397, 0.8315, 0.8406, 0.8563, 1.0385]","[6.515, 6.4502, 6.4765, 6.4816, 6.5363]","[23.99, 25.71, 25.2, 23.54, 24.7]","[125.62, 125.44, 125.31, 125.56, 125.67]","[1606812, 1606812, 1606812, 1606812, 1606812]",5,[],0.10639810562133789,0.07923331260681152,0.1856314182281494,0.86132,6.4919199999999995,24.628,125.52,1606812
5,"[0.1635146141052246, 0.10188531875610352, 0.1187901496887207, 0.10842418670654297, 0.10996055603027344]","[0.08353281021118164, 0.0731806755065918, 0.0892341136932373, 0.08414387702941895, 0.07340884208679199]","[0.24704742431640625, 0.1750659942626953, 0.208024263381958, 0.19256806373596191, 0.18336939811706543]","[1.5338, 0.9598, 1.0692, 0.9409, 1.1355]","[6.5422, 6.3941, 6.5093, 6.4444, 6.5782]","[19.49, 25.13, 21.52, 22.27, 24.23]","[125.67, 125.54, 125.69, 125.82, 125.69]","[1606812, 1606812, 1606812, 1606812, 1606812]",5,[],0.12051496505737305,0.08070006370544433,0.20121502876281738,1.12784,6.49364,22.528,125.682,1606812
6,"[0.12661266326904297, 0.11110186576843262, 0.11599206924438477, 0.10232210159301758, 0.13202404975891113]","[0.0856928825378418, 0.0870826244354248, 0.07897758483886719, 0.07480025291442871, 0.08539700508117676]","[0.21230554580688477, 0.19818449020385742, 0.19496965408325195, 0.1771223545074463, 0.2174210548400879]","[1.2245, 0.9847, 1.0159, 1.2226, 1.4158]","[6.4799, 6.7555, 6.5493, 6.7635, 6.5269]","[22.24, 25.05, 23.52, 26.49, 21.61]","[125.95, 125.66, 125.66, 125.83, 126.12]","[1606812, 1606812, 1606812, 1606812, 1606812]",5,[],0.11761054992675782,0.08239006996154785,0.20000061988830567,1.1726999999999999,6.6150199999999995,23.782,125.844,1606812
7,"[0.11482501029968262, 0.12948036193847656, 0.13479399681091309, 0.1169888973236084, 0.13692712783813477]","[0.07177066802978516, 0.06994080543518066, 0.0703120231628418, 0.07190060615539551, 0.07153677940368652]","[0.18659567832946777, 0.19942116737365723, 0.20510601997375488, 0.1888895034790039, 0.2084639072418213]","[1.1933, 1.3755, 1.4203, 1.275, 1.529]","[6.3888, 6.3814, 6.3624, 6.3421, 6.4453]","[22.9, 21.26, 21.59, 23.8, 22.74]","[126.33, 125.95, 125.99, 126.16, 126.26]","[1606812, 1606812, 1606812, 1606812, 1606812]",5,[],0.1266030788421631,0.07109217643737793,0.19769525527954102,1.35862,6.384,22.458,126.138,1606812
8,"[0.1272139549255371, 0.13798809051513672, 0.1926279067993164, 0.14102721214294434, 0.19153785705566406]","[0.07223296165466309, 0.08320474624633789, 0.08591842651367188, 0.0902101993560791, 0.0847480297088623]","[0.1994469165802002, 0.2211928367614746, 0.2785463333129883, 0.23123741149902344, 0.27628588676452637]","[1.3757, 1.4756, 1.3602, 1.4259, 2.1386]","[6.4549, 6.2806, 6.3159, 7.0738, 6.5127]","[22.47, 23.73, 23.35, 22.54, 17.78]","[126.43, 126.37, 126.27, 126.12, 126.13]","[1606812, 1606812, 1606812, 1606812, 1606812]",5,[],0.15807900428771973,0.08326287269592285,0.24134187698364257,1.5552,6.52758,21.974,126.264,1606812
9,"[0.12149691581726074, 0.13201522827148438, 0.17441487312316895, 0.1090857982635498, 0.13401246070861816]","[0.0737001895904541, 0.11572027206420898, 0.08052396774291992, 0.0710597038269043, 0.07063055038452148]","[0.19519710540771484, 0.24773550033569336, 0.25493884086608887, 0.1801455020904541, 0.20464301109313965]","[1.3295, 1.4103, 2.1346, 1.3095, 1.6205]","[6.4955, 9.7428, 6.337, 6.5715, 6.3688]","[24.59, 24.09, 20.17, 25.0, 22.67]","[126.49, 126.22, 126.25, 126.38, 126.33]","[1606812, 1606812, 1606812, 1606812, 1606812]",5,[],0.13420505523681642,0.08232693672180176,0.21653199195861816,1.56088,7.1031200000000005,23.304000000000002,126.334,1606812
10,"[0.1356046199798584, 0.19579744338989258, 0.1873323917388916, 0.18352818489074707, 0.172135591506958]","[0.08462309837341309, 0.0844264030456543, 0.09153556823730469, 0.08613324165344238, 0.07366132736206055]","[0.22022771835327148, 0.2802238464355469, 0.2788679599761963, 0.26966142654418945, 0.24579691886901855]","[1.6254, 2.3642, 1.4268, 1.7983, 2.0962]","[6.2973, 6.3423, 6.8792, 6.3496, 6.3665]","[24.33, 18.7, 21.64, 21.58, 18.45]","[126.46, 126.24, 126.46, 126.83, 126.63]","[1606812, 1606812, 1606812, 1606812, 1606812]",5,[],0.17487964630126954,0.084075927734375,0.2589555740356445,1.86218,6.44698,20.939999999999998,126.524,1606812
11,"[0.17747879028320312, 0.2411179542541504, 0.26247739791870117, 0.2055644989013672, 0.19964599609375]","[0.06172347068786621, 0.07490682601928711, 0.08187150955200195, 0.0760347843170166, 0.06403923034667969]","[0.23920226097106934, 0.3160247802734375, 0.3443489074707031, 0.2815992832183838, 0.2636852264404297]","[1.5297, 2.3221, 2.2714, 2.7035, 1.7266]","[5.3338, 5.2625, 5.5502, 5.3395, 5.5169]","[25.28, 19.38, 20.84, 19.98, 23.23]","[126.89, 126.69, 126.59, 126.59, 127.06]","[1606812, 1606812, 1606812, 1606812, 1606812]",5,[],0.21725692749023437,0.07171516418457032,0.2889720916748047,2.1106599999999998,5.40058,21.742,126.764,1606812
12,"[0.22935914993286133, 0.24430036544799805, 0.2366955280303955, 0.24135184288024902, 0.2420656681060791]","[0.05514645576477051, 0.0601496696472168, 0.05634737014770508, 0.05733203887939453, 0.04662322998046875]","[0.28450560569763184, 0.30445003509521484, 0.2930428981781006, 0.29868388175964355, 0.28868889808654785]","[3.2778, 3.4381, 3.4144, 3.3795, 3.5575]","[4.3396, 4.3747, 4.293, 4.4889, 4.284]","[17.38, 17.68, 17.92, 17.28, 17.66]","[127.12, 127.13, 126.76, 126.93, 126.8]","[803996, 803996, 803996, 803996, 803996]",5,[],0.2387545108795166,0.05511975288391113,0.29387426376342773,3.41346,4.35604,17.584,126.94800000000001,803996
13,"[0.25527477264404297, 0.23932290077209473, 0.25609660148620605, 0.25072669982910156, 0.24846124649047852]","[0.046781063079833984, 0.04687380790710449, 0.05657315254211426, 0.055564165115356445, 0.04900813102722168]","[0.30205583572387695, 0.2861967086791992, 0.3126697540283203, 0.306290864944458, 0.2974693775177002]","[3.6639, 2.8412, 2.8926, 3.6168, 3.5893]","[4.288, 4.288, 4.2271, 4.2972, 4.3288]","[17.19, 19.92, 19.19, 17.53, 17.39]","[127.21, 126.95, 127.01, 127.23, 127.2]","[803996, 803996, 803996, 803996, 803996]",5,[],0.24997644424438475,0.05096006393432617,0.3009365081787109,3.32076,4.28582,18.244,127.12,803996
14,"[0.2525618076324463, 0.25179171562194824, 0.2473440170288086, 0.26099514961242676, 0.23442602157592773]","[0.047327280044555664, 0.05051112174987793, 0.04702901840209961, 0.05794048309326172, 0.05502128601074219]","[0.29988908767700195, 0.30230283737182617, 0.2943730354309082, 0.3189356327056885, 0.2894473075866699]","[3.729, 3.7293, 3.5741, 3.7582, 3.326]","[4.3399, 4.3094, 4.2649, 4.3044, 4.3019]","[17.79, 17.78, 17.43, 17.78, 17.41]","[127.29, 127.16, 127.4, 127.59, 127.69]","[803996, 803996, 803996, 803996, 803996]",5,[],0.24942374229431152,0.05156583786010742,0.30098958015441896,3.62332,4.3041,17.638,127.426,803996
15,"[0.24981045722961426, 0.24783802032470703, 0.2348489761352539, 0.2529425621032715, 0.252697229385376]","[0.057811737060546875, 0.04581618309020996, 0.051503658294677734, 0.045583248138427734, 0.047673702239990234]","[0.30762219429016113, 0.293654203414917, 0.28635263442993164, 0.2985258102416992, 0.3003709316253662]","[3.6113, 3.673, 3.5677, 3.8357, 3.8544]","[4.2804, 4.1625, 4.491, 4.1775, 4.3488]","[17.61, 18.14, 18.25, 18.07, 18.2]","[127.7, 127.61, 127.66, 127.48, 127.47]","[803996, 803996, 803996, 803996, 803996]",5,[],0.24762744903564454,0.049677705764770506,0.29730515480041503,3.70842,4.29204,18.054,127.584,803996
16,"[0.24829506874084473, 0.25634098052978516, 0.25028014183044434, 0.2584092617034912, 0.24492263793945312]","[0.05595684051513672, 0.04408454895019531, 0.046883583068847656, 0.04743456840515137, 0.05506563186645508]","[0.30425190925598145, 0.30042552947998047, 0.297163724899292, 0.3058438301086426, 0.2999882698059082]","[3.9106, 3.9724, 3.93, 3.8531, 3.6481]","[4.1919, 4.1511, 4.2497, 4.1699, 4.1963]","[19.17, 18.66, 18.84, 18.02, 18.17]","[127.67, 127.54, 127.62, 127.49, 127.47]","[803996, 803996, 803996, 803996, 803996]",5,[],0.2516496181488037,0.04988503456115723,0.30153465270996094,3.86284,4.19178,18.572,127.558,803996
17,"[0.24280452728271484, 0.33130621910095215, 0.2665688991546631, 0.33997130393981934, 0.26527857780456543]","[0.04510760307312012, 0.04580426216125488, 0.049532175064086914, 0.05399727821350098, 0.0468907356262207]","[0.28791213035583496, 0.37711048126220703, 0.31610107421875, 0.3939685821533203, 0.31216931343078613]","[3.9196, 5.0652, 4.1323, 4.9984, 3.9933]","[4.1815, 4.1817, 4.1833, 4.1324, 4.1816]","[19.46, 17.55, 18.32, 16.98, 17.75]","[127.76, 127.51, 127.4, 127.75, 127.78]","[803996, 803996, 803996, 803996, 803996]",5,[],0.289185905456543,0.04826641082763672,0.3374523162841797,4.42176,4.1721,18.012,127.64,803996
18,"[0.33620333671569824, 0.26771116256713867, 0.31949949264526367, 0.34158897399902344, 0.2772483825683594]","[0.046036481857299805, 0.05997943878173828, 0.05077338218688965, 0.05063056945800781, 0.04631495475769043]","[0.38223981857299805, 0.32769060134887695, 0.3702728748321533, 0.39221954345703125, 0.3235633373260498]","[5.173, 4.2202, 4.7867, 4.2054, 4.2591]","[4.1658, 4.0397, 4.1816, 4.4306, 4.2743]","[17.53, 19.01, 17.41, 18.25, 18.15]","[127.99, 127.76, 127.97, 127.87, 127.98]","[803996, 803996, 803996, 803996, 803996]",5,[],0.30845026969909667,0.0507469654083252,0.35919723510742185,4.52888,4.2184,18.07,127.914,803996
19,"[0.33713603019714355, 0.35098719596862793, 0.3468809127807617, 0.35706400871276855, 0.3519628047943115]","[0.04955482482910156, 0.04681801795959473, 0.043866872787475586, 0.049063920974731445, 0.05429887771606445]","[0.3866908550262451, 0.39780521392822266, 0.3907477855682373, 0.4061279296875, 0.406261682510376]","[5.1178, 5.3338, 5.47, 5.2493, 5.2792]","[4.3393, 4.1357, 4.0229, 4.1031, 4.3009]","[17.22, 17.24, 17.89, 16.83, 17.18]","[128.29, 127.93, 128.09, 128.04, 128.06]","[803996, 803996, 803996, 803996, 803996]",5,[],0.34880619049072265,0.048720502853393556,0.3975266933441162,5.29002,4.18038,17.272,128.082,803996
20,"[0.3486673831939697, 0.35063648223876953, 0.35506653785705566, 0.3454101085662842, 0.35193586349487305]","[0.0465543270111084, 0.04474163055419922, 0.046814680099487305, 0.05144047737121582, 0.04917335510253906]","[0.3952217102050781, 0.39537811279296875, 0.40188121795654297, 0.3968505859375, 0.4011092185974121]","[5.3284, 5.2039, 5.452, 5.2903, 5.4103]","[4.0505, 4.0299, 4.0929, 4.2697, 4.3007]","[17.4, 16.96, 17.45, 17.36, 17.4]","[128.19, 128.23, 128.24, 128.42, 128.28]","[803996, 803996, 803996, 803996, 803996]",5,[],0.3503432750701904,0.04774489402770996,0.3980881690979004,5.3369800000000005,4.14874,17.314,128.272,803996
21,"[0.3463282585144043, 0.3381834030151367, 0.3554544448852539, 0.3475816249847412, 0.34546804428100586]","[0.058381080627441406, 0.04237008094787598, 0.05593466758728027, 0.04798102378845215, 0.04459428787231445]","[0.4047093391418457, 0.3805534839630127, 0.4113891124725342, 0.39556264877319336, 0.3900623321533203]","[5.6415, 5.141, 5.577, 5.3484, 5.3024]","[4.0989, 3.988, 4.0209, 4.1452, 4.0275]","[18.79, 17.42, 17.89, 17.5, 17.47]","[128.39, 128.33, 128.2, 128.33, 128.2]","[803996, 803996, 803996, 803996, 803996]",5,[],0.3466031551361084,0.04985222816467285,0.39645538330078123,5.40206,4.0561,17.814,128.29,803996
22,"[0.35825300216674805, 0.35478901863098145, 0.32799553871154785, 0.34732747077941895, 0.3477911949157715]","[0.04373025894165039, 0.07701992988586426, 0.04692983627319336, 0.04249215126037598, 0.053417205810546875]","[0.40198326110839844, 0.4318089485168457, 0.3749253749847412, 0.3898196220397949, 0.40120840072631836]","[5.7562, 5.4654, 5.2013, 5.435, 5.6222]","[3.9725, 7.1899, 4.0176, 3.9406, 4.0169]","[18.25, 17.57, 18.2, 17.73, 18.58]","[128.22, 128.3, 128.16, 128.2, 128.31]","[803996, 803996, 803996, 803996, 803996]",5,[],0.34723124504089353,0.05271787643432617,0.3999491214752197,5.49602,4.6274999999999995,18.066,128.238,803996
23,"[0.41552019119262695, 0.379169225692749, 0.3488774299621582, 0.4314289093017578, 0.3652000427246094]","[0.05277872085571289, 0.0589447021484375, 0.044603586196899414, 0.05230069160461426, 0.04236197471618652]","[0.46829891204833984, 0.4381139278411865, 0.3934810161590576, 0.48372960090637207, 0.4075620174407959]","[5.8002, 5.8675, 5.3929, 6.5663, 5.8572]","[3.9711, 4.2133, 3.968, 3.9524, 3.9267]","[18.36, 17.54, 17.62, 16.92, 18.15]","[128.56, 128.39, 128.35, 128.53, 128.39]","[803996, 803996, 803996, 803996, 803996]",5,[],0.38803915977478026,0.050197935104370116,0.4382370948791504,5.89682,4.0062999999999995,17.718,128.444,803996
24,"[0.4435253143310547, 0.44131898880004883, 0.44027280807495117, 0.43694615364074707, 0.3800320625305176]","[0.05503034591674805, 0.05349087715148926, 0.052225351333618164, 0.04471135139465332, 0.05343174934387207]","[0.49855566024780273, 0.4948098659515381, 0.49249815940856934, 0.4816575050354004, 0.43346381187438965]","[6.6958, 6.8652, 5.8853, 5.9419, 6.0091]","[3.9824, 3.9307, 3.884, 4.0335, 3.9559]","[16.8, 17.35, 17.81, 17.73, 17.88]","[128.43, 128.55, 128.59, 128.61, 128.55]","[803996, 803996, 803996, 803996, 803996]",5,[],0.4284190654754639,0.05177793502807617,0.48019700050354003,6.27946,3.9573,17.514,128.54600000000002,803996
25,"[0.4369056224822998, 0.3753793239593506, 0.4384291172027588, 0.4528789520263672, 0.4576747417449951]","[0.04295039176940918, 0.04259681701660156, 0.04516434669494629, 0.04293632507324219, 0.05133318901062012]","[0.479856014251709, 0.41797614097595215, 0.4835934638977051, 0.4958152770996094, 0.5090079307556152]","[6.7995, 6.1641, 6.7347, 7.0861, 6.9948]","[3.9364, 3.8556, 3.8246, 3.9032, 4.1602]","[17.23, 18.56, 16.96, 17.22, 17.12]","[128.87, 128.51, 128.55, 128.62, 128.62]","[803996, 803996, 803996, 803996, 803996]",5,[],0.4322535514831543,0.044996213912963864,0.4772497653961182,6.75584,3.936,17.418,128.63400000000001,803996
26,"[0.43747401237487793, 0.4450657367706299, 0.4448051452636719, 0.4621419906616211, 0.4496133327484131]","[0.041611433029174805, 0.052016258239746094, 0.054537296295166016, 0.042914628982543945, 0.04317927360534668]","[0.47908544540405273, 0.497081995010376, 0.4993424415588379, 0.505056619644165, 0.49279260635375977]","[7.2217, 6.0849, 6.337, 7.2118, 7.0964]","[3.8601, 3.9615, 3.9434, 4.0409, 3.81]","[18.2, 17.85, 18.52, 17.23, 17.35]","[128.65, 128.51, 128.58, 128.82, 129.0]","[803996, 803996, 803996, 803996, 803996]",5,[],0.44782004356384275,0.04685177803039551,0.4946718215942383,6.79036,3.92318,17.830000000000002,128.712,803996
27,"[0.46329712867736816, 0.45824193954467773, 0.4571685791015625, 0.4472229480743408, 0.45134687423706055]","[0.0460658073425293, 0.04405951499938965, 0.05815577507019043, 0.04385113716125488, 0.05427265167236328]","[0.5093629360198975, 0.5023014545440674, 0.5153243541717529, 0.4910740852355957, 0.5056195259094238]","[7.1545, 7.1612, 7.1627, 7.0379, 7.0438]","[4.092, 3.9481, 4.8107, 3.8191, 4.2185]","[16.99, 17.2, 17.54, 17.44, 17.49]","[129.11, 129.0, 128.87, 128.83, 128.79]","[803996, 803996, 803996, 803996, 803996]",5,[],0.45545549392700196,0.049280977249145506,0.5047364711761475,7.11202,4.17768,17.332,128.92000000000002,803996
28,"[0.45317983627319336, 0.4490790367126465, 0.4474673271179199, 0.45435500144958496, 0.47528719902038574]","[0.04468250274658203, 0.04275965690612793, 0.042392730712890625, 0.04196643829345703, 0.040978431701660156]","[0.4978623390197754, 0.4918386936187744, 0.48986005783081055, 0.496321439743042, 0.5162656307220459]","[7.2967, 7.0877, 7.3603, 7.4036, 7.4391]","[3.9133, 3.8692, 3.9507, 3.7962, 3.7914]","[17.7, 17.37, 18.09, 17.89, 17.63]","[129.07, 129.02, 128.94, 128.88, 129.06]","[803996, 803996, 803996, 803996, 803996]",5,[],0.4558736801147461,0.042555952072143556,0.4984296321868896,7.31748,3.86416,17.736,128.994,803996
29,"[0.5359203815460205, 0.4662506580352783, 0.45686864852905273, 0.4497718811035156, 0.4623432159423828]","[0.04718422889709473, 0.04161190986633301, 0.04503917694091797, 0.04547572135925293, 0.051786184310913086]","[0.5831046104431152, 0.5078625679016113, 0.5019078254699707, 0.49524760246276855, 0.5141294002532959]","[8.1501, 7.4691, 7.2893, 7.3741, 7.3207]","[3.7364, 3.7119, 4.0969, 3.7378, 3.8259]","[16.56, 17.62, 17.58, 18.09, 17.45]","[128.97, 129.04, 128.88, 129.02, 129.14]","[803996, 803996, 803996, 803996, 803996]",5,[],0.47423095703125,0.04621944427490234,0.5204504013061524,7.52066,3.82178,17.46,129.01,803996
30,"[0.4489254951477051, 0.4555683135986328, 0.5310745239257812, 0.48111462593078613, 0.5304553508758545]","[0.04185771942138672, 0.04412651062011719, 0.04330849647521973, 0.049353837966918945, 0.05241274833679199]","[0.4907832145690918, 0.49969482421875, 0.574383020401001, 0.5304684638977051, 0.5828680992126465]","[7.3921, 7.5005, 8.5741, 7.519, 8.3543]","[3.6972, 3.7064, 3.8078, 3.682, 3.8151]","[18.17, 18.23, 17.49, 17.31, 17.22]","[129.34, 129.27, 129.29, 129.14, 129.25]","[803996, 803996, 803996, 803996, 803996]",5,[],0.48942766189575193,0.046211862564086915,0.5356395244598389,7.868,3.7417,17.684,129.258,803996
31,"[0.5279769897460938, 0.5518033504486084, 0.550147294998169, 0.48071837425231934, 0.5233182907104492]","[0.04532790184020996, 0.04973721504211426, 0.04720306396484375, 0.05101323127746582, 0.04396700859069824]","[0.5733048915863037, 0.6015405654907227, 0.5973503589630127, 0.5317316055297852, 0.5672852993011475]","[8.2554, 8.6708, 8.5749, 7.6607, 8.4821]","[3.6596, 3.6923, 3.6816, 3.7875, 3.7371]","[17.06, 17.19, 17.01, 17.62, 17.69]","[129.37, 129.25, 129.31, 129.2, 129.33]","[803996, 803996, 803996, 803996, 803996]",5,[],0.5267928600311279,0.047449684143066405,0.5742425441741943,8.32878,3.71162,17.314,129.292,803996
32,"[0.5537641048431396, 0.5539424419403076, 0.5393178462982178, 0.4873692989349365, 0.547783374786377]","[0.042746543884277344, 0.042571306228637695, 0.040317535400390625, 0.04485583305358887, 0.04125499725341797]","[0.596510648727417, 0.5965137481689453, 0.5796353816986084, 0.5322251319885254, 0.5890383720397949]","[8.8929, 8.8053, 7.7068, 8.0212, 8.508]","[3.688, 3.6755, 3.6815, 3.711, 3.7306]","[17.37, 17.23, 17.57, 17.95, 16.75]","[129.2, 129.54, 129.56, 129.54, 129.79]","[803996, 803996, 803996, 803996, 803996]",5,[],0.5364354133605957,0.0423492431640625,0.5787846565246582,8.38684,3.69732,17.374,129.52599999999998,803996
33,"[0.5564231872558594, 0.546370267868042, 0.561154842376709, 0.5553092956542969, 0.5520768165588379]","[0.05014801025390625, 0.041378021240234375, 0.0535283088684082, 0.04925203323364258, 0.049897193908691406]","[0.6065711975097656, 0.5877482891082764, 0.6146831512451172, 0.6045613288879395, 0.6019740104675293]","[8.7121, 8.8661, 8.9867, 8.7673, 8.91]","[3.6445, 3.6067, 3.9031, 3.6579, 3.6717]","[17.03, 17.54, 17.47, 17.29, 17.58]","[129.71, 129.61, 129.53, 129.5, 129.61]","[803996, 803996, 803996, 803996, 803996]",5,[],0.554266881942749,0.04884071350097656,0.6031075954437256,8.84844,3.69678,17.381999999999998,129.592,803996
34,"[0.5472829341888428, 0.5526294708251953, 0.5657479763031006, 0.5583782196044922, 0.5444896221160889]","[0.04200434684753418, 0.04110145568847656, 0.041078805923461914, 0.04605674743652344, 0.038864850997924805]","[0.589287281036377, 0.5937309265136719, 0.6068267822265625, 0.6044349670410156, 0.5833544731140137]","[8.9719, 8.8851, 8.9288, 9.146, 8.6137]","[3.5695, 3.5955, 3.6559, 3.6699, 3.5638]","[17.71, 17.36, 17.15, 17.74, 17.03]","[129.53, 129.55, 129.69, 129.65, 129.71]","[803996, 803996, 803996, 803996, 803996]",5,[],0.5537056446075439,0.04182124137878418,0.5955268859863281,8.9091,3.61092,17.398,129.626,803996
35,"[0.574174165725708, 0.5426468849182129, 0.5521397590637207, 0.5601449012756348, 0.5456559658050537]","[0.05143284797668457, 0.04101967811584473, 0.049111127853393555, 0.05119037628173828, 0.04320645332336426]","[0.6256070137023926, 0.5836665630340576, 0.6012508869171143, 0.611335277557373, 0.588862419128418]","[9.1031, 8.7766, 9.0501, 9.1271, 8.8877]","[3.7472, 3.5685, 3.6471, 3.6124, 3.5769]","[17.22, 17.53, 17.72, 17.77, 17.69]","[129.62, 129.75, 129.64, 129.55, 129.58]","[803996, 803996, 803996, 803996, 803996]",5,[],0.554952335357666,0.04719209671020508,0.602144432067871,8.98892,3.63042,17.586,129.62800000000001,803996
36,"[0.5373139381408691, 0.6091163158416748, 0.5808134078979492, 0.621403694152832, 0.5004184246063232]","[0.04828500747680664, 0.048363685607910156, 0.04886746406555176, 0.040247201919555664, 0.048130035400390625]","[0.5855989456176758, 0.657480001449585, 0.629680871963501, 0.6616508960723877, 0.5485484600067139]","[8.7436, 8.8399, 9.2586, 9.3502, 8.1681]","[3.4836, 3.5201, 3.5138, 3.6092, 3.5076]","[17.97, 17.28, 17.29, 17.74, 17.81]","[129.61, 129.64, 129.57, 129.66, 129.66]","[803996, 803996, 803996, 803996, 803996]",5,[],0.5698131561279297,0.04677867889404297,0.6165918350219727,8.87208,3.52686,17.618,129.628,803996
37,"[0.627948522567749, 0.5729117393493652, 0.6410791873931885, 0.6300914287567139, 0.5810365676879883]","[0.04264187812805176, 0.04196929931640625, 0.052120208740234375, 0.03958940505981445, 0.04242229461669922]","[0.6705904006958008, 0.6148810386657715, 0.6931993961334229, 0.6696808338165283, 0.6234588623046875]","[10.0554, 9.0674, 10.1693, 9.3299, 9.7348]","[3.5655, 3.4937, 3.7688, 3.5632, 3.6841]","[17.18, 17.14, 17.03, 17.63, 18.07]","[129.85, 129.75, 129.69, 129.78, 129.74]","[803996, 803996, 803996, 803996, 803996]",5,[],0.610613489151001,0.04374861717224121,0.6543621063232422,9.67136,3.61506,17.41,129.762,803996
38,"[0.6469824314117432, 0.6464414596557617, 0.5824909210205078, 0.6359376907348633, 0.6574504375457764]","[0.04975104331970215, 0.040270090103149414, 0.04213762283325195, 0.04541802406311035, 0.0482172966003418]","[0.6967334747314453, 0.6867115497589111, 0.6246285438537598, 0.6813557147979736, 0.7056677341461182]","[10.3759, 10.4505, 9.3155, 10.0713, 10.3412]","[3.525, 3.7225, 3.5188, 3.4823, 3.453]","[17.25, 17.28, 17.3, 16.96, 16.86]","[129.72, 129.74, 129.75, 129.77, 129.83]","[803996, 803996, 803996, 803996, 803996]",5,[],0.6338605880737305,0.04515881538391113,0.6790194034576416,10.11088,3.54032,17.13,129.762,803996
39,"[0.659548282623291, 0.6517765522003174, 0.6643762588500977, 0.6357545852661133, 0.6581640243530273]","[0.04897499084472656, 0.04219484329223633, 0.049414634704589844, 0.0417485237121582, 0.048924922943115234]","[0.7085232734680176, 0.6939713954925537, 0.7137908935546875, 0.6775031089782715, 0.7070889472961426]","[10.6427, 10.6926, 10.6545, 10.2041, 10.7154]","[3.4324, 3.8562, 3.5865, 3.5928, 3.409]","[17.3, 17.59, 17.21, 17.18, 17.46]","[129.74, 129.76, 129.71, 129.72, 129.63]","[803996, 803996, 803996, 803996, 803996]",5,[],0.6539239406585693,0.04625158309936524,0.7001755237579346,10.58186,3.57538,17.348,129.712,803996
40,"[0.6590499877929688, 0.6538922786712646, 0.659520149230957, 0.649005651473999, 0.643151044845581]","[0.04166126251220703, 0.04734611511230469, 0.04575800895690918, 0.04921674728393555, 0.041716575622558594]","[0.7007112503051758, 0.7012383937835693, 0.7052781581878662, 0.6982223987579346, 0.6848676204681396]","[10.751, 10.4765, 10.6149, 10.6238, 10.334]","[3.3456, 3.3944, 3.4278, 3.4419, 3.6983]","[17.48, 17.22, 17.26, 17.66, 17.24]","[129.72, 129.68, 129.68, 129.93, 129.84]","[803996, 803996, 803996, 803996, 803996]",5,[],0.6529238224029541,0.045139741897583005,0.6980635643005371,10.560039999999999,3.4616000000000002,17.372,129.77,803996
41,"[0.647209882736206, 0.666090726852417, 0.7171905040740967, 0.6053683757781982, 0.6422548294067383]","[0.04505300521850586, 0.042322635650634766, 0.04045748710632324, 0.0467066764831543, 0.04455733299255371]","[0.6922628879547119, 0.7084133625030518, 0.7576479911804199, 0.6520750522613525, 0.686812162399292]","[10.6643, 10.6939, 10.6541, 10.1134, 10.3532]","[3.3176, 3.3968, 3.5843, 3.3231, 3.3732]","[17.62, 17.11, 17.2, 18.03, 17.34]","[129.83, 129.89, 130.01, 129.77, 129.53]","[803996, 803996, 803996, 803996, 803996]",5,[],0.6556228637695313,0.043819427490234375,0.6994422912597656,10.49578,3.399,17.46,129.806,803996
42,"[0.725550651550293, 0.6759305000305176, 0.7494614124298096, 0.7487366199493408, 0.7335011959075928]","[0.046811580657958984, 0.04004263877868652, 0.05373072624206543, 0.0456392765045166, 0.04934096336364746]","[0.772362232208252, 0.7159731388092041, 0.803192138671875, 0.7943758964538574, 0.7828421592712402]","[10.7397, 11.0772, 12.1233, 12.2368, 11.115]","[3.4641, 3.4, 4.0805, 3.4521, 3.4603]","[17.19, 17.53, 17.22, 17.43, 17.5]","[129.67, 129.77, 129.72, 129.67, 129.6]","[803996, 803996, 803996, 803996, 803996]",5,[],0.7266360759735108,0.047113037109375,0.7737491130828857,11.4584,3.5714,17.374,129.686,803996
43,"[0.748403787612915, 0.6925551891326904, 0.733811616897583, 0.7466089725494385, 0.7580342292785645]","[0.0404810905456543, 0.04981493949890137, 0.05167222023010254, 0.051752567291259766, 0.05144834518432617]","[0.7888848781585693, 0.7423701286315918, 0.7854838371276855, 0.7983615398406982, 0.8094825744628906]","[11.253, 11.131, 12.0551, 11.9691, 12.3109]","[3.3351, 3.3746, 3.3729, 3.2246, 3.3512]","[17.45, 17.35, 17.59, 17.07, 17.34]","[129.65, 129.7, 129.78, 129.77, 129.73]","[803996, 803996, 803996, 803996, 803996]",5,[],0.7358827590942383,0.049033832550048825,0.7849165916442871,11.74382,3.33168,17.36,129.726,803996
44,"[0.7492330074310303, 0.7402598857879639, 0.7532603740692139, 0.6687190532684326, 0.744046688079834]","[0.046460628509521484, 0.043009281158447266, 0.04873251914978027, 0.03863716125488281, 0.0467221736907959]","[0.7956936359405518, 0.7832691669464111, 0.8019928932189941, 0.7073562145233154, 0.7907688617706299]","[12.3119, 12.1191, 12.6322, 10.8514, 12.021]","[3.3532, 3.3714, 3.2888, 3.2297, 3.1738]","[17.51, 17.42, 17.82, 17.27, 17.19]","[129.69, 129.91, 129.74, 129.65, 129.84]","[803996, 803996, 803996, 803996, 803996]",5,[],0.7311038017272949,0.04471235275268555,0.7758161544799804,11.987119999999999,3.28338,17.442,129.766,803996
45,"[0.7596666812896729, 0.7522590160369873, 0.75018310546875, 0.7584927082061768, 0.7627396583557129]","[0.04581761360168457, 0.04849839210510254, 0.03749656677246094, 0.040122032165527344, 0.04458737373352051]","[0.8054842948913574, 0.8007574081420898, 0.7876796722412109, 0.7986147403717041, 0.8073270320892334]","[12.2705, 12.3551, 12.08, 12.2534, 12.118]","[3.269, 3.2407, 3.2096, 3.3007, 3.2851]","[17.19, 17.44, 17.12, 17.13, 16.91]","[129.92, 129.84, 129.92, 129.88, 129.9]","[803996, 803996, 803996, 803996, 803996]",5,[],0.75666823387146,0.04330439567565918,0.7999726295471191,12.2154,3.26102,17.158,129.892,803996
46,"[0.7441425323486328, 0.7619938850402832, 0.756352424621582, 0.7584095001220703, 0.7566370964050293]","[0.040207862854003906, 0.03888893127441406, 0.037009239196777344, 0.0444643497467041, 0.03674435615539551]","[0.7843503952026367, 0.8008828163146973, 0.7933616638183594, 0.8028738498687744, 0.7933814525604248]","[12.5283, 12.3427, 12.2393, 12.4232, 12.5364]","[3.3151, 3.268, 3.1749, 3.2521, 3.1433]","[17.87, 17.14, 17.16, 17.4, 17.52]","[129.94, 129.99, 130.03, 130.0, 129.9]","[803996, 803996, 803996, 803996, 803996]",5,[],0.7555070877075195,0.039462947845458986,0.7949700355529785,12.41398,3.23068,17.418,129.972,803996
47,"[0.764122486114502, 0.7654018402099609, 0.7531557083129883, 0.7750506401062012, 0.763944149017334]","[0.03760695457458496, 0.02861618995666504, 0.029536724090576172, 0.027097702026367188, 0.03249859809875488]","[0.8017294406890869, 0.794018030166626, 0.7826924324035645, 0.8021483421325684, 0.7964427471160889]","[12.7065, 12.2457, 12.4451, 12.5031, 12.1162]","[2.1048, 2.1261, 2.1395, 2.0641, 2.4859]","[17.64, 16.96, 17.47, 17.13, 16.79]","[130.01, 129.89, 129.76, 129.79, 129.8]","[803996, 803996, 803996, 803996, 803996]",5,[],0.7643349647521973,0.031071233749389648,0.7954061985015869,12.403319999999999,2.18408,17.198,129.85,803996
48,"[0.7675960063934326, 0.7680528163909912, 0.7626111507415771, 0.7915761470794678, 0.7816445827484131]","[0.025935888290405273, 0.018419981002807617, 0.023852109909057617, 0.016445398330688477, 0.020448923110961914]","[0.7935318946838379, 0.7864727973937988, 0.7864632606506348, 0.8080215454101562, 0.802093505859375]","[12.4899, 12.645, 12.0354, 13.1887, 13.1062]","[1.1658, 1.0645, 1.2125, 1.0972, 1.1915]","[16.98, 17.2, 17.73, 17.31, 17.49]","[129.95, 130.0, 129.88, 129.73, 129.83]","[402588, 402588, 402588, 402588, 402588]",5,[],0.7742961406707763,0.02102046012878418,0.7953166007995606,12.69304,1.1462999999999999,17.342,129.878,402588
49,"[0.7919907569885254, 0.8582961559295654, 0.7866675853729248, 0.7809727191925049, 0.7790524959564209]","[0.023527145385742188, 0.021532297134399414, 0.016294240951538086, 0.016007423400878906, 0.016184091567993164]","[0.8155179023742676, 0.8798284530639648, 0.8029618263244629, 0.7969801425933838, 0.7952365875244141]","[13.0207, 14.3275, 12.9877, 13.1504, 13.1624]","[1.111, 1.0574, 1.0344, 1.0385, 1.0655]","[17.14, 17.38, 17.16, 17.48, 17.54]","[130.03, 129.84, 129.78, 130.0, 130.18]","[402588, 402588, 402588, 402588, 402588]",5,[],0.7993959426879883,0.01870903968811035,0.8181049823760986,13.32974,1.0613599999999999,17.34,129.966,402588
50,"[0.8691048622131348, 0.8209757804870605, 0.800004243850708, 0.8539383411407471, 0.8119792938232422]","[0.008371114730834961, 0.007967948913574219, 0.015295028686523438, 0.008665800094604492, 0.015451669692993164]","[0.8774759769439697, 0.8289437294006348, 0.8152992725372314, 0.8626041412353516, 0.8274309635162354]","[13.5833, 13.6362, 13.3554, 14.4224, 13.5816]","[0.0355, 0.0365, 0.0408, 0.0355, 0.0359]","[17.51, 17.24, 17.4, 17.53, 17.45]","[129.96, 129.92, 129.98, 130.15, 130.1]","[402588, 402588, 402588, 402588, 402588]",5,[],0.8312005043029785,0.011150312423706055,0.8423508167266845,13.71578,0.03684,17.426,130.022,402588
